Year,Draught_Livestock,Population,Firewood,Wind,Water,Coal,Oil,Gas,Primary_Electricity,Modern
1560,0.333,0.22,0.338,0.003,0.008,0.128,0.128,0,0,0.128
1561,0.331,0.222,0.336,0.003,0.008,0.1,0.1,0,0,0.1
1562,0.329,0.224,0.334,0.003,0.008,0.101,0.101,0,0,0.101
1563,0.328,0.225,0.333,0.003,0.008,0.103,0.103,0,0,0.103
1564,0.327,0.226,0.332,0.003,0.008,0.104,0.104,0,0,0.104
1565,0.325,0.227,0.331,0.003,0.008,0.106,0.106,0,0,0.106
1566,0.323,0.228,0.329,0.003,0.008,0.107,0.107,0,0,0.107
1567,0.322,0.23,0.328,0.003,0.008,0.109,0.109,0,0,0.109
1568,0.32,0.232,0.327,0.003,0.008,0.11,0.11,0,0,0.11
1569,0.319,0.233,0.325,0.003,0.009,0.111,0.111,0,0,0.111
1570,0.317,0.234,0.324,0.003,0.009,0.113,0.113,0,0,0.113
1571,0.316,0.234,0.323,0.003,0.009,0.115,0.115,0,0,0.115
1572,0.315,0.235,0.322,0.003,0.009,0.116,0.116,0,0,0.116
1573,0.314,0.236,0.321,0.003,0.009,0.118,0.118,0,0,0.118
1574,0.312,0.236,0.32,0.003,0.009,0.119,0.119,0,0,0.119
1575,0.311,0.238,0.319,0.003,0.009,0.121,0.121,0,0,0.121
1576,0.309,0.239,0.317,0.003,0.009,0.123,0.123,0,0,0.123
1577,0.307,0.241,0.316,0.004,0.009,0.124,0.124,0,0,0.124
1578,0.306,0.242,0.314,0.004,0.009,0.126,0.126,0,0,0.126
1579,0.304,0.243,0.313,0.004,0.009,0.127,0.127,0,0,0.127
1580,0.302,0.245,0.311,0.004,0.009,0.129,0.129,0,0,0.129
1581,0.301,0.246,0.31,0.004,0.009,0.131,0.131,0,0,0.131
1582,0.299,0.247,0.308,0.004,0.009,0.132,0.132,0,0,0.132
1583,0.297,0.249,0.307,0.004,0.009,0.134,0.134,0,0,0.134
1584,0.296,0.251,0.305,0.004,0.009,0.136,0.136,0,0,0.136
1585,0.294,0.252,0.304,0.004,0.009,0.138,0.138,0,0,0.138
1586,0.293,0.253,0.302,0.004,0.009,0.139,0.139,0,0,0.139
1587,0.291,0.253,0.301,0.004,0.009,0.141,0.141,0,0,0.141
1588,0.291,0.252,0.301,0.004,0.009,0.143,0.143,0,0,0.143
1589,0.289,0.253,0.299,0.004,0.009,0.145,0.145,0,0,0.145
1590,0.287,0.255,0.298,0.004,0.009,0.147,0.147,0,0,0.147
1591,0.286,0.254,0.297,0.004,0.009,0.149,0.149,0,0,0.149
1592,0.285,0.254,0.296,0.004,0.009,0.151,0.151,0,0,0.151
1593,0.285,0.253,0.296,0.004,0.009,0.154,0.154,0,0,0.154
1594,0.283,0.254,0.294,0.004,0.009,0.156,0.156,0,0,0.156
1595,0.281,0.255,0.293,0.004,0.009,0.158,0.158,0,0,0.158
1596,0.28,0.256,0.291,0.004,0.009,0.16,0.16,0,0,0.16
1597,0.279,0.255,0.291,0.004,0.009,0.162,0.162,0,0,0.162
1598,0.278,0.253,0.29,0.005,0.009,0.165,0.165,0,0,0.165
1599,0.277,0.254,0.289,0.005,0.009,0.167,0.167,0,0,0.167
1600,0.275,0.256,0.287,0.005,0.009,0.168,0.168,0,0,0.168
1601,0.278,0.246,0.289,0.005,0.009,0.174,0.174,0,0,0.174
1602,0.277,0.245,0.286,0.005,0.009,0.177,0.177,0,0,0.177
1603,0.277,0.245,0.284,0.005,0.009,0.181,0.181,0,0,0.181
1604,0.276,0.244,0.282,0.005,0.009,0.184,0.184,0,0,0.184
1605,0.275,0.245,0.279,0.005,0.009,0.188,0.188,0,0,0.188
1606,0.274,0.244,0.277,0.005,0.009,0.192,0.192,0,0,0.192
1607,0.273,0.245,0.274,0.005,0.009,0.195,0.195,0,0,0.195
1608,0.271,0.245,0.271,0.005,0.009,0.199,0.199,0,0,0.199
1609,0.27,0.245,0.268,0.005,0.009,0.203,0.203,0,0,0.203
1610,0.269,0.244,0.266,0.005,0.009,0.207,0.207,0,0,0.207
1611,0.268,0.243,0.264,0.005,0.009,0.211,0.211,0,0,0.211
1612,0.267,0.243,0.261,0.005,0.009,0.216,0.216,0,0,0.216
1613,0.266,0.242,0.259,0.005,0.009,0.22,0.22,0,0,0.22
1614,0.265,0.24,0.257,0.005,0.008,0.224,0.224,0,0,0.224
1615,0.264,0.24,0.254,0.005,0.008,0.229,0.229,0,0,0.229
1616,0.263,0.239,0.252,0.005,0.008,0.233,0.233,0,0,0.233
1617,0.262,0.238,0.25,0.005,0.008,0.238,0.238,0,0,0.238
1618,0.26,0.237,0.247,0.005,0.008,0.243,0.243,0,0,0.243
1619,0.259,0.237,0.244,0.005,0.008,0.247,0.247,0,0,0.247
1620,0.257,0.237,0.242,0.005,0.008,0.251,0.251,0,0,0.251
1621,0.255,0.238,0.239,0.005,0.008,0.256,0.256,0,0,0.256
1622,0.253,0.238,0.236,0.005,0.008,0.26,0.26,0,0,0.26
1623,0.252,0.237,0.233,0.005,0.008,0.265,0.265,0,0,0.265
1624,0.251,0.235,0.231,0.005,0.008,0.27,0.27,0,0,0.27
1625,0.25,0.233,0.229,0.005,0.008,0.276,0.276,0,0,0.276
1626,0.25,0.232,0.228,0.005,0.008,0.277,0.277,0,0,0.277
1627,0.25,0.232,0.227,0.005,0.008,0.279,0.279,0,0,0.279
1628,0.25,0.233,0.225,0.005,0.008,0.279,0.279,0,0,0.279
1629,0.249,0.234,0.224,0.005,0.008,0.28,0.28,0,0,0.28
1630,0.249,0.235,0.222,0.005,0.008,0.281,0.281,0,0,0.281
1631,0.249,0.235,0.221,0.005,0.008,0.283,0.283,0,0,0.283
1632,0.249,0.234,0.22,0.005,0.008,0.284,0.284,0,0,0.284
1633,0.248,0.236,0.219,0.005,0.008,0.285,0.285,0,0,0.285
1634,0.248,0.236,0.217,0.005,0.008,0.286,0.286,0,0,0.286
1635,0.247,0.237,0.216,0.005,0.008,0.286,0.286,0,0,0.286
1636,0.247,0.237,0.215,0.006,0.008,0.288,0.288,0,0,0.288
1637,0.247,0.237,0.214,0.006,0.008,0.289,0.289,0,0,0.289
1638,0.247,0.237,0.213,0.006,0.008,0.291,0.291,0,0,0.291
1639,0.247,0.235,0.212,0.006,0.008,0.293,0.293,0,0,0.293
1640,0.247,0.234,0.211,0.006,0.008,0.295,0.295,0,0,0.295
1641,0.246,0.234,0.209,0.006,0.008,0.297,0.297,0,0,0.297
1642,0.245,0.233,0.208,0.006,0.008,0.3,0.3,0,0,0.3
1643,0.244,0.233,0.206,0.006,0.008,0.302,0.302,0,0,0.302
1644,0.244,0.231,0.205,0.006,0.008,0.305,0.305,0,0,0.305
1645,0.244,0.231,0.204,0.007,0.008,0.308,0.308,0,0,0.308
1646,0.243,0.231,0.202,0.007,0.008,0.31,0.31,0,0,0.31
1647,0.242,0.231,0.2,0.007,0.008,0.313,0.313,0,0,0.313
1648,0.241,0.23,0.199,0.007,0.008,0.315,0.315,0,0,0.315
1649,0.24,0.229,0.198,0.007,0.008,0.318,0.318,0,0,0.318
1650,0.24,0.228,0.196,0.007,0.008,0.321,0.321,0,0,0.321
1651,0.239,0.228,0.195,0.007,0.007,0.324,0.324,0,0,0.324
1652,0.239,0.227,0.193,0.007,0.007,0.326,0.326,0,0,0.326
1653,0.238,0.225,0.192,0.007,0.007,0.33,0.33,0,0,0.33
1654,0.238,0.224,0.191,0.007,0.007,0.333,0.333,0,0,0.333
1655,0.237,0.224,0.19,0.007,0.007,0.335,0.335,0,0,0.335
1656,0.236,0.224,0.188,0.008,0.007,0.338,0.338,0,0,0.338
1657,0.235,0.222,0.187,0.008,0.007,0.341,0.341,0,0,0.341
1658,0.235,0.219,0.186,0.008,0.007,0.345,0.345,0,0,0.345
1659,0.235,0.215,0.185,0.008,0.007,0.349,0.349,0,0,0.349
1660,0.234,0.214,0.184,0.008,0.007,0.353,0.353,0,0,0.353
1661,0.233,0.214,0.182,0.008,0.007,0.357,0.357,0,0,0.357
1662,0.232,0.211,0.18,0.008,0.007,0.361,0.361,0,0,0.361
1663,0.231,0.209,0.179,0.008,0.007,0.366,0.366,0,0,0.366
1664,0.229,0.208,0.177,0.008,0.007,0.37,0.37,0,0,0.37
1665,0.228,0.206,0.175,0.008,0.007,0.375,0.375,0,0,0.375
1666,0.228,0.203,0.174,0.008,0.007,0.38,0.38,0,0,0.38
1667,0.227,0.202,0.173,0.008,0.007,0.384,0.384,0,0,0.384
1668,0.226,0.2,0.171,0.008,0.007,0.389,0.389,0,0,0.389
1669,0.224,0.198,0.169,0.008,0.007,0.393,0.393,0,0,0.393
1670,0.223,0.196,0.168,0.008,0.007,0.398,0.398,0,0,0.398
1671,0.222,0.193,0.167,0.008,0.007,0.403,0.403,0,0,0.403
1672,0.221,0.191,0.165,0.008,0.007,0.408,0.408,0,0,0.408
1673,0.22,0.19,0.163,0.008,0.007,0.412,0.412,0,0,0.412
1674,0.218,0.189,0.162,0.008,0.007,0.416,0.416,0,0,0.416
1675,0.217,0.188,0.16,0.008,0.006,0.421,0.421,0,0,0.421
1676,0.216,0.185,0.159,0.009,0.006,0.426,0.426,0,0,0.426
1677,0.214,0.184,0.157,0.009,0.006,0.43,0.43,0,0,0.43
1678,0.213,0.183,0.155,0.009,0.006,0.434,0.434,0,0,0.434
1679,0.212,0.181,0.154,0.009,0.006,0.439,0.439,0,0,0.439
1680,0.21,0.178,0.152,0.009,0.006,0.445,0.445,0,0,0.445
1681,0.211,0.175,0.152,0.009,0.006,0.447,0.447,0,0,0.447
1682,0.21,0.174,0.151,0.009,0.006,0.45,0.45,0,0,0.45
1683,0.21,0.173,0.15,0.009,0.006,0.452,0.452,0,0,0.452
1684,0.21,0.172,0.15,0.009,0.006,0.454,0.454,0,0,0.454
1685,0.21,0.171,0.149,0.009,0.006,0.456,0.456,0,0,0.456
1686,0.209,0.17,0.148,0.009,0.006,0.458,0.458,0,0,0.458
1687,0.209,0.17,0.147,0.009,0.006,0.46,0.46,0,0,0.46
1688,0.208,0.169,0.146,0.009,0.006,0.461,0.461,0,0,0.461
1689,0.208,0.169,0.145,0.009,0.006,0.463,0.463,0,0,0.463
1690,0.207,0.168,0.144,0.009,0.006,0.465,0.465,0,0,0.465
1691,0.207,0.168,0.144,0.009,0.006,0.467,0.467,0,0,0.467
1692,0.207,0.167,0.143,0.008,0.006,0.469,0.469,0,0,0.469
1693,0.206,0.167,0.142,0.008,0.006,0.471,0.471,0,0,0.471
1694,0.206,0.166,0.141,0.008,0.006,0.473,0.473,0,0,0.473
1695,0.205,0.166,0.14,0.008,0.006,0.475,0.475,0,0,0.475
1696,0.204,0.165,0.14,0.008,0.006,0.478,0.478,0,0,0.478
1697,0.203,0.165,0.139,0.008,0.006,0.48,0.48,0,0,0.48
1698,0.203,0.165,0.139,0.008,0.006,0.479,0.479,0,0,0.479
1699,0.201,0.165,0.138,0.008,0.006,0.482,0.482,0,0,0.482
1700,0.199,0.164,0.137,0.008,0.006,0.486,0.486,0,0,0.486
1701,0.199,0.164,0.136,0.008,0.006,0.488,0.488,0,0,0.488
1702,0.197,0.163,0.135,0.008,0.006,0.492,0.492,0,0,0.492
1703,0.195,0.163,0.134,0.008,0.006,0.494,0.494,0,0,0.494
1704,0.194,0.163,0.133,0.008,0.006,0.496,0.496,0,0,0.496
1705,0.192,0.161,0.131,0.008,0.006,0.502,0.502,0,0,0.502
1706,0.192,0.161,0.132,0.008,0.006,0.501,0.501,0,0,0.501
1707,0.192,0.161,0.131,0.008,0.006,0.502,0.502,0,0,0.502
1708,0.191,0.16,0.131,0.008,0.006,0.504,0.504,0,0,0.504
1709,0.19,0.16,0.13,0.008,0.006,0.506,0.506,0,0,0.506
1710,0.189,0.159,0.129,0.008,0.006,0.508,0.508,0,0,0.508
1711,0.188,0.158,0.129,0.009,0.006,0.511,0.511,0,0,0.511
1712,0.185,0.155,0.127,0.009,0.006,0.519,0.519,0,0,0.519
1713,0.187,0.156,0.128,0.009,0.006,0.515,0.515,0,0,0.515
1714,0.187,0.156,0.128,0.009,0.006,0.515,0.515,0,0,0.515
1715,0.185,0.155,0.127,0.009,0.006,0.518,0.518,0,0,0.518
1716,0.184,0.155,0.126,0.009,0.006,0.52,0.52,0,0,0.52
1717,0.183,0.155,0.125,0.009,0.006,0.522,0.522,0,0,0.522
1718,0.182,0.155,0.124,0.009,0.006,0.524,0.524,0,0,0.524
1719,0.181,0.155,0.124,0.009,0.006,0.525,0.525,0,0,0.525
1720,0.18,0.153,0.123,0.009,0.006,0.528,0.528,0,0,0.528
1721,0.179,0.152,0.123,0.009,0.006,0.53,0.53,0,0,0.53
1722,0.179,0.151,0.122,0.009,0.006,0.533,0.533,0,0,0.533
1723,0.178,0.151,0.121,0.01,0.006,0.535,0.535,0,0,0.535
1724,0.178,0.152,0.122,0.01,0.006,0.533,0.533,0,0,0.533
1725,0.175,0.15,0.12,0.01,0.006,0.54,0.54,0,0,0.54
1726,0.175,0.149,0.119,0.01,0.006,0.54,0.54,0,0,0.54
1727,0.174,0.149,0.119,0.01,0.006,0.542,0.542,0,0,0.542
1728,0.173,0.146,0.118,0.01,0.006,0.547,0.547,0,0,0.547
1729,0.173,0.144,0.118,0.01,0.006,0.549,0.549,0,0,0.549
1730,0.171,0.141,0.117,0.01,0.006,0.555,0.555,0,0,0.555
1731,0.171,0.141,0.117,0.01,0.006,0.555,0.555,0,0,0.555
1732,0.168,0.152,0.115,0.01,0.006,0.549,0.549,0,0,0.549
1733,0.169,0.14,0.115,0.01,0.006,0.559,0.559,0,0,0.559
1734,0.168,0.14,0.115,0.01,0.006,0.56,0.56,0,0,0.56
1735,0.167,0.14,0.114,0.01,0.006,0.562,0.562,0,0,0.562
1736,0.167,0.14,0.113,0.01,0.006,0.563,0.563,0,0,0.563
1737,0.165,0.14,0.112,0.011,0.006,0.566,0.566,0,0,0.566
1738,0.164,0.139,0.112,0.011,0.006,0.568,0.568,0,0,0.568
1739,0.164,0.139,0.111,0.011,0.006,0.569,0.569,0,0,0.569
1740,0.163,0.139,0.111,0.011,0.006,0.57,0.57,0,0,0.57
1741,0.161,0.138,0.11,0.011,0.006,0.574,0.574,0,0,0.574
1742,0.161,0.135,0.109,0.011,0.006,0.578,0.578,0,0,0.578
1743,0.16,0.135,0.109,0.011,0.006,0.579,0.579,0,0,0.579
1744,0.159,0.134,0.108,0.011,0.006,0.582,0.582,0,0,0.582
1745,0.158,0.134,0.107,0.011,0.006,0.584,0.584,0,0,0.584
1746,0.157,0.134,0.107,0.011,0.006,0.585,0.585,0,0,0.585
1747,0.156,0.133,0.106,0.011,0.006,0.589,0.589,0,0,0.589
1748,0.155,0.133,0.105,0.011,0.006,0.59,0.59,0,0,0.59
1749,0.155,0.133,0.105,0.011,0.006,0.59,0.59,0,0,0.59
1750,0.155,0.134,0.105,0.011,0.006,0.588,0.588,0,0,0.588
1751,0.154,0.134,0.104,0.011,0.006,0.59,0.59,0,0,0.59
1752,0.151,0.132,0.102,0.012,0.006,0.596,0.596,0,0,0.596
1753,0.149,0.131,0.101,0.013,0.006,0.6,0.6,0,0,0.6
1754,0.147,0.128,0.099,0.012,0.006,0.608,0.608,0,0,0.608
1755,0.145,0.129,0.097,0.012,0.006,0.611,0.611,0,0,0.611
1756,0.143,0.128,0.095,0.012,0.006,0.616,0.616,0,0,0.616
1757,0.14,0.126,0.094,0.012,0.005,0.622,0.622,0,0,0.622
1758,0.138,0.124,0.092,0.012,0.005,0.627,0.627,0,0,0.627
1759,0.136,0.123,0.09,0.012,0.005,0.633,0.633,0,0,0.633
1760,0.134,0.122,0.089,0.012,0.005,0.637,0.637,0,0,0.637
1761,0.133,0.121,0.088,0.012,0.005,0.641,0.641,0,0,0.641
1762,0.131,0.12,0.086,0.012,0.005,0.646,0.646,0,0,0.646
1763,0.13,0.118,0.085,0.012,0.005,0.65,0.65,0,0,0.65
1764,0.128,0.117,0.084,0.013,0.005,0.654,0.654,0,0,0.654
1765,0.127,0.117,0.083,0.013,0.005,0.655,0.655,0,0,0.655
1766,0.127,0.121,0.083,0.014,0.005,0.651,0.651,0,0,0.651
1767,0.125,0.119,0.081,0.014,0.005,0.657,0.657,0,0,0.657
1768,0.122,0.116,0.079,0.013,0.005,0.665,0.665,0,0,0.665
1769,0.12,0.115,0.077,0.013,0.004,0.67,0.67,0,0,0.67
1770,0.117,0.113,0.075,0.014,0.004,0.676,0.676,0,0,0.676
1771,0.117,0.11,0.075,0.013,0.004,0.681,0.681,0,0,0.681
1772,0.115,0.108,0.074,0.013,0.004,0.686,0.686,0,0,0.686
1773,0.113,0.107,0.072,0.013,0.004,0.691,0.691,0,0,0.691
1774,0.111,0.107,0.071,0.013,0.004,0.694,0.694,0,0,0.694
1775,0.112,0.108,0.071,0.014,0.004,0.692,0.692,0,0,0.692
1776,0.11,0.107,0.07,0.014,0.004,0.695,0.695,0,0,0.695
1777,0.108,0.106,0.068,0.015,0.004,0.698,0.698,0,0,0.698
1778,0.106,0.105,0.067,0.016,0.004,0.703,0.703,0,0,0.703
1779,0.104,0.104,0.065,0.016,0.004,0.707,0.707,0,0,0.707
1780,0.102,0.102,0.064,0.017,0.004,0.711,0.711,0,0,0.711
1781,0.1,0.101,0.063,0.017,0.004,0.716,0.716,0,0,0.716
1782,0.099,0.099,0.062,0.018,0.003,0.719,0.719,0,0,0.719
1783,0.098,0.099,0.061,0.018,0.003,0.72,0.72,0,0,0.72
1784,0.096,0.098,0.06,0.019,0.003,0.724,0.724,0,0,0.724
1785,0.096,0.098,0.059,0.019,0.003,0.725,0.725,0,0,0.725
1786,0.094,0.097,0.058,0.02,0.003,0.729,0.729,0,0,0.729
1787,0.092,0.095,0.056,0.02,0.003,0.733,0.733,0,0,0.733
1788,0.091,0.096,0.056,0.021,0.003,0.733,0.733,0,0,0.733
1789,0.09,0.095,0.055,0.02,0.003,0.738,0.738,0,0,0.738
1790,0.088,0.094,0.054,0.021,0.003,0.74,0.74,0,0,0.74
1791,0.087,0.094,0.053,0.022,0.003,0.743,0.743,0,0,0.743
1792,0.085,0.093,0.052,0.022,0.003,0.745,0.745,0,0,0.745
1793,0.084,0.093,0.051,0.022,0.003,0.748,0.748,0,0,0.748
1794,0.082,0.092,0.049,0.021,0.003,0.753,0.753,0,0,0.753
1795,0.08,0.09,0.048,0.02,0.003,0.758,0.758,0,0,0.758
1796,0.079,0.09,0.048,0.019,0.003,0.761,0.761,0,0,0.761
1797,0.078,0.089,0.046,0.02,0.002,0.765,0.765,0,0,0.765
1798,0.076,0.088,0.045,0.021,0.002,0.767,0.767,0,0,0.767
1799,0.075,0.088,0.044,0.021,0.002,0.77,0.77,0,0,0.77
1800,0.074,0.088,0.044,0.023,0.002,0.77,0.77,0,0,0.77
1801,0.072,0.085,0.042,0.024,0.002,0.776,0.776,0,0,0.776
1802,0.071,0.083,0.04,0.025,0.002,0.779,0.779,0,0,0.779
1803,0.069,0.082,0.038,0.025,0.002,0.783,0.783,0,0,0.783
1804,0.067,0.081,0.037,0.026,0.002,0.787,0.787,0,0,0.787
1805,0.066,0.08,0.035,0.025,0.002,0.791,0.791,0,0,0.791
1806,0.064,0.079,0.034,0.025,0.002,0.796,0.796,0,0,0.796
1807,0.063,0.078,0.032,0.024,0.002,0.801,0.801,0,0,0.801
1808,0.061,0.077,0.031,0.024,0.002,0.805,0.805,0,0,0.805
1809,0.06,0.076,0.029,0.024,0.002,0.809,0.809,0,0,0.809
1810,0.058,0.075,0.028,0.024,0.002,0.813,0.813,0,0,0.813
1811,0.057,0.074,0.027,0.024,0.002,0.817,0.817,0,0,0.817
1812,0.057,0.073,0.025,0.023,0.002,0.819,0.819,0,0,0.819
1813,0.056,0.072,0.024,0.024,0.002,0.822,0.822,0,0,0.822
1814,0.055,0.072,0.023,0.024,0.002,0.825,0.825,0,0,0.825
1815,0.055,0.072,0.022,0.024,0.002,0.826,0.826,0,0,0.826
1816,0.054,0.071,0.021,0.024,0.002,0.828,0.828,0,0,0.828
1817,0.054,0.071,0.02,0.023,0.002,0.831,0.831,0,0,0.831
1818,0.053,0.07,0.019,0.023,0.002,0.834,0.834,0,0,0.834
1819,0.052,0.069,0.018,0.022,0.002,0.837,0.837,0,0,0.837
1820,0.052,0.069,0.017,0.022,0.002,0.839,0.839,0,0,0.839
1821,0.051,0.068,0.016,0.02,0.002,0.842,0.842,0,0,0.842
1822,0.051,0.068,0.015,0.02,0.002,0.845,0.845,0,0,0.845
1823,0.05,0.067,0.015,0.019,0.002,0.847,0.847,0,0,0.847
1824,0.05,0.067,0.014,0.019,0.002,0.849,0.849,0,0,0.849
1825,0.05,0.066,0.013,0.019,0.002,0.851,0.851,0,0,0.851
1826,0.049,0.066,0.012,0.019,0.002,0.852,0.852,0,0,0.852
1827,0.049,0.065,0.012,0.017,0.002,0.856,0.856,0,0,0.856
1828,0.048,0.065,0.011,0.017,0.002,0.858,0.858,0,0,0.858
1829,0.047,0.063,0.01,0.016,0.002,0.862,0.862,0,0,0.862
1830,0.047,0.063,0.009,0.016,0.002,0.864,0.864,0,0,0.864
1831,0.046,0.062,0.009,0.016,0.002,0.865,0.865,0,0,0.865
1832,0.046,0.062,0.008,0.016,0.002,0.866,0.866,0,0,0.866
1833,0.046,0.062,0.008,0.016,0.002,0.868,0.868,0,0,0.868
1834,0.045,0.06,0.007,0.015,0.002,0.871,0.871,0,0,0.871
1835,0.044,0.059,0.006,0.015,0.002,0.874,0.874,0,0,0.874
1836,0.043,0.058,0.006,0.015,0.002,0.877,0.877,0,0,0.877
1837,0.043,0.057,0.005,0.014,0.002,0.88,0.88,0,0,0.88
1838,0.042,0.056,0.005,0.014,0.002,0.882,0.882,0,0,0.882
1839,0.041,0.055,0.004,0.015,0.002,0.884,0.884,0,0,0.884
1840,0.04,0.053,0.004,0.015,0.001,0.886,0.886,0,0,0.886
1841,0.039,0.053,0.003,0.016,0.001,0.887,0.887,0,0,0.887
1842,0.039,0.053,0.003,0.016,0.001,0.889,0.889,0,0,0.889
1843,0.038,0.051,0.002,0.015,0.001,0.892,0.892,0,0,0.892
1844,0.036,0.049,0.002,0.015,0.001,0.897,0.897,0,0,0.897
1845,0.035,0.048,0.002,0.015,0.001,0.899,0.899,0,0,0.899
1846,0.034,0.046,0.001,0.014,0.001,0.903,0.903,0,0,0.903
1847,0.033,0.044,0.001,0.014,0.001,0.907,0.907,0,0,0.907
1848,0.032,0.044,0.001,0.014,0.001,0.909,0.909,0,0,0.909
1849,0.031,0.042,0.014,0.001,0.912,0.912,0,0,0,0.912
1850,0.03,0.041,0.014,0.001,0.914,0.914,0,0,0,0.914
1851,0.03,0.04,0.013,0.001,0.917,0.917,0,0,0,0.917
1852,0.029,0.039,0.013,0.001,0.918,0.918,0,0,0,0.918
1853,0.028,0.038,0.013,0.001,0.92,0.92,0,0,0,0.92
1854,0.027,0.037,0.014,0.001,0.921,0.921,0,0,0,0.921
1855,0.027,0.037,0.013,0.001,0.922,0.922,0,0,0,0.922
1856,0.027,0.036,0.013,0.001,0.923,0.923,0,0,0,0.923
1857,0.026,0.036,0.013,0.001,0.924,0.924,0,0,0,0.924
1858,0.026,0.035,0.013,0.001,0.926,0.926,0,0,0,0.926
1859,0.025,0.034,0.013,0.001,0.927,0.927,0,0,0,0.927
1860,0.025,0.033,0.013,0.001,0.929,0.929,0,0,0,0.929
1861,0.024,0.033,0.013,0.001,0.93,0.93,0,0,0,0.93
1862,0.024,0.032,0.012,0.001,0.93,0.931,0,0,0,0.931
1863,0.023,0.032,0.013,0.001,0.931,0.931,0,0,0,0.931
1864,0.024,0.032,0.012,0.001,0.931,0.932,0,0,0,0.932
1865,0.022,0.03,0.013,0.001,0.933,0.934,0,0,0,0.934
1866,0.022,0.03,0.012,0.001,0.935,0.935,0,0,0,0.935
1867,0.022,0.029,0.012,0.001,0.936,0.936,0,0,0,0.936
1868,0.022,0.03,0.012,0.001,0.935,0.935,0,0,0,0.935
1869,0.021,0.029,0.011,0.001,0.937,0.938,0,0,0,0.938
1870,0.021,0.029,0.011,0.001,0.939,0.939,0,0,0,0.939
1871,0.02,0.027,0.01,0.001,0.942,0.942,0,0,0,0.942
1872,0.019,0.026,0.009,0.001,0.945,0.945,0,0,0,0.945
1873,0.019,0.025,0.008,0.001,0.946,0.001,0.947,0,0,0.947
1874,0.02,0.026,0.009,0.001,0.944,0.001,0.945,0,0,0.945
1875,0.019,0.025,0.008,0.001,0.946,0.001,0.947,0,0,0.947
1876,0.019,0.025,0.008,0.001,0.945,0.001,0.946,0,0,0.946
1877,0.019,0.025,0.008,0.001,0.945,0.002,0.946,0,0,0.946
1878,0.02,0.026,0.008,0.001,0.944,0.001,0.945,0,0,0.945
1879,0.02,0.026,0.008,0.943,0.002,0.945,0,0,0,0.945
1880,0.019,0.024,0.007,0.948,0.002,0.949,0,0,0,0.949
1881,0.014,0.023,0.006,0.953,0.002,0.956,0,0,0,0.956
1882,0.014,0.023,0.006,0.953,0.002,0.956,0,0,0,0.956
1883,0.014,0.023,0.006,0.954,0.003,0.957,0,0,0,0.957
1884,0.015,0.023,0.006,0.954,0.002,0.956,0,0,0,0.956
1885,0.015,0.024,0.006,0.952,0.003,0.955,0,0,0,0.955
1886,0.015,0.024,0.006,0.951,0.003,0.954,0,0,0,0.954
1887,0.015,0.024,0.005,0.952,0.003,0.955,0,0,0,0.955
1888,0.015,0.023,0.005,0.953,0.004,0.957,0,0,0,0.957
1889,0.015,0.022,0.005,0.954,0.004,0.958,0,0,0,0.958
1890,0.015,0.022,0.005,0.955,0.004,0.959,0,0,0,0.959
1891,0.018,0.022,0.004,0.951,0.005,0.955,0,0,0,0.955
1892,0.019,0.022,0.005,0.949,0.005,0.954,0,0,0,0.954
1893,0.021,0.025,0.005,0.942,0.006,0.949,0,0,0,0.949
1894,0.019,0.022,0.004,0.949,0.006,0.955,0,0,0,0.955
1895,0.018,0.022,0.004,0.949,0.006,0.955,0,0,0,0.955
1896,0.018,0.022,0.004,0.949,0.006,0.956,0,0,0,0.956
1897,0.018,0.021,0.004,0.951,0.006,0.957,0,0,0,0.957
1898,0.018,0.021,0.003,0.95,0.007,0.957,0,0,0,0.957
1899,0.017,0.02,0.003,0.952,0.007,0.96,0,0,0,0.96
1900,0.017,0.02,0.003,0.952,0.008,0.96,0,0,0,0.96
1901,0.017,0.021,0.003,0.951,0.008,0.958,0,0,0,0.958
1902,0.017,0.021,0.002,0.951,0.008,0.96,0,0,0,0.96
1903,0.016,0.021,0.002,0.951,0.008,0.96,0,0,0,0.96
1904,0.016,0.022,0.002,0.951,0.009,0.959,0,0,0,0.959
1905,0.016,0.022,0.002,0.951,0.009,0.96,0,0,0,0.96
1906,0.015,0.022,0.002,0.952,0.008,0.961,0,0,0,0.961
1907,0.014,0.022,0.002,0.954,0.008,0.962,0,0,0,0.962
1908,0.015,0.023,0.002,0.951,0.009,0.961,0,0,0,0.961
1909,0.014,0.023,0.002,0.951,0.01,0.961,0,0,0,0.961
1910,0.014,0.024,0.001,0.952,0.009,0.961,0,0,0,0.961
1911,0.014,0.024,0.001,0.952,0.01,0.962,0,0,0,0.962
1912,0.014,0.025,0.001,0.948,0.012,0.96,0,0,0,0.96
1913,0.012,0.024,0.001,0.95,0.013,0.963,0,0,0,0.963
1914,0.012,0.025,0.001,0.945,0.017,0.962,0,0,0,0.962
1915,0.012,0.024,0.001,0.948,0.015,0.964,0,0,0,0.964
1916,0.011,0.023,0.001,0.954,0.011,0.966,0,0,0,0.966
1917,0.01,0.023,0.001,0.945,0.021,0.966,0,0,0,0.966
1918,0.011,0.025,0.001,0.928,0.036,0.964,0,0,0,0.964
1919,0.01,0.025,0.001,0.944,0.02,0.964,0,0,0,0.964
1920,0.009,0.024,0.001,0.944,0.022,0.966,0,0,0,0.966
1921,0.013,0.035,0.001,0.909,0.043,0.952,0,0,0,0.952
1922,0.009,0.027,0.001,0.931,0.032,0.964,0,0,0,0.964
1923,0.008,0.025,0.001,0.933,0.033,0.966,0,0,0,0.966
1924,0.007,0.024,0.001,0.931,0.037,0.968,0,0,0,0.968
1925,0.007,0.026,0.001,0.927,0.038,0.966,0,0,0,0.966
1926,0.012,0.044,0.001,0.861,0.081,0.943,0,0,0,0.943
1927,0.007,0.025,0.001,0.918,0.05,0.968,0,0,0,0.968
1928,0.007,0.027,0.001,0.913,0.053,0.966,0,0,0,0.966
1929,0.006,0.025,0.001,0.916,0.051,0.968,0,0,0,0.968
1930,0.006,0.026,0.001,0.907,0.06,0.967,0,0,0,0.967
1931,0.006,0.028,0.001,0.906,0.059,0.965,0,0,0,0.965
1932,0.006,0.03,0.001,0.901,0.062,0.963,0,0,0,0.963
1933,0.006,0.03,0.001,0.895,0.068,0.963,0,0,0,0.963
1934,0.005,0.028,0.001,0.895,0.071,0.966,0,0,0,0.966
1971,0.023,0.428,0.474,0.074,0.001,0.977,0,0,0,0.977
1972,0.022,0.368,0.503,0.105,0.002,0.978,0,0,0,0.978
1973,0.021,0.381,0.487,0.108,0.002,0.979,0,0,0,0.979
1976,0.021,0.373,0.439,0.157,0.01,0.979,0,0,0,0.979
1977,0.021,0.366,0.437,0.163,0.013,0.979,0,0,0,0.979
1979,0.02,0.362,0.422,0.175,0.021,0.98,0,0,0,0.98
1980,0.021,0.363,0.399,0.189,0.029,0.979,0,0,0,0.979
1981,0.022,0.37,0.374,0.196,0.039,0.978,0,0,0,0.978
1982,0.022,0.35,0.38,0.198,0.051,0.978,0,0,0,0.978
1983,0.021,0.352,0.364,0.206,0.057,0.979,0,0,0,0.979
1989,0.018,0.328,0.384,0.2,0.071,0.982,0,0,0,0.982
1990,0.018,0.323,0.389,0.205,0.065,0.982,0,0,0,0.982
1992,0.019,0.3,0.385,0.221,0.075,0.981,0,0,0,0.981
1997,0.018,0.162,0.43,0.305,0.086,0.982,0,0,0,0.982
1998,0.018,0.136,0.439,0.316,0.091,0.982,0,0,0,0.982
2000,0.017,0.104,0.42,0.381,0.078,0.983,0,0,0,0.983
2001,0.019,0.253,0.26,0.383,0.085,0.981,0,0,0,0.981